{"configs":[{"score":0,"config":[[-0.72659624,-0.14038038,-0.34962714,-0.6505264,0.24304426,-0.10151529,-0.6365154,0.94924736,0.7624097,-0.5012995,0.41100776,0.9556397,0.12421095,0.069449306,-0.723899,0.08300674]],"runs":0,"configId":0},{"score":0,"config":[[0.81770635,-0.14038038,-0.34962714,-0.6505264,0.24304426,0.27603495,-0.47857773,0.8855343,0.7624097,0.6499742,0.41100776,-0.81060016,0.042873263,0.069449306,0.7903571,-0.08040607]],"runs":1,"configId":1}],"index":0}